Name,Slug,Collection ID,Locale ID,Item ID,Created On,Updated On,Published On,Post Body,Post Summary,Main Image,Thumbnail image,Featured?,Color,price
10 Great Examples of Responsive Websites,10-great-examples-of-responsive-websites,65f4856556ef72f8fdb209d2,65f48565c137d8d233130865,65f4856dd09027c127d7102f,Fri Mar 15 2024 17:29:17 GMT+0000 (Coordinated Universal Time),Fri Mar 15 2024 17:29:17 GMT+0000 (Coordinated Universal Time),,<h2>Facilis voluptate voluptatum voluptate quas culpa qui consequatur.</h2><p>Ut vel accusamus magni harum eum. Earum odio omnis tempore aut dolorem hic et. Sit nam molestiae beatae sit et provident.</p><h3>Recusandae dolorem cum ut facere rerum autem.</h3><blockquote>Dolore nihil pariatur voluptatum est. Voluptatem repellat omnis ut eveniet. Hic deserunt veniam. Iusto et tempora dolor nemo.</blockquote><p>Voluptatem sit optio velit neque. Deserunt vel quod dolorem deserunt quae. Earum molestiae maxime. Suscipit sed impedit dolores et at ex quis alias similique. Sed harum non maiores voluptate exercitationem et cumque.</p><p>Aut dignissimos velit odit dolor explicabo et velit. Natus enim consequuntur ab temporibus eos quam. Sunt qui pariatur molestiae perspiciatis magnam possimus expedita beatae adipisci. Voluptas unde voluptas consequatur. Corporis dolorem et molestiae dolores.</p>,"Molestiae quas pariatur est recusandae praesentium ipsam ducimus necessitatibus quis.
Autem nihil voluptas.
Sed quidem sapiente recusandae.
Iusto ratione debitis quaerat cumque sed quidem impedit sunt.
Ducimus ",https://uploads-ssl.webflow.com/65f48565c137d8d233130868/65f4856cd09027c127d70f67_image1.jpeg,https://uploads-ssl.webflow.com/65f48565c137d8d233130868/65f4856cd09027c127d70f64_image5.jpeg,true,#03A9F4,Rerum itaque ratione explicabo. A nam amet asperiores. Rerum esse fuga iure ut sed dolorem accusamus aut nisi. Iste sae
10 Quick Tips About Blogging,10-quick-tips-about-blogging,65f4856556ef72f8fdb209d2,65f48565c137d8d233130865,65f4856dd09027c127d7102a,Fri Mar 15 2024 17:29:17 GMT+0000 (Coordinated Universal Time),Fri Mar 15 2024 17:29:17 GMT+0000 (Coordinated Universal Time),,<h2>Eos ea voluptatem voluptatem assumenda quia et.</h2><p>Nostrum et molestias autem facere aliquid ea. Possimus perferendis veniam sit. Ut nostrum iusto molestiae vel.</p><h3>Suscipit at repellat aliquid quam est omnis iusto.</h3><blockquote>Quod harum quo alias nihil ut quasi. Est molestias adipisci nisi quisquam quae iste vel. Cum est est nemo doloremque quae voluptas. Et hic magni quae sunt consequatur quam temporibus.</blockquote><p>Ipsam saepe at iusto nobis ipsam voluptas quia totam rerum. Deleniti perspiciatis ut qui provident voluptates voluptatem quasi tenetur. Rem eligendi tempora sint sunt omnis. Ut dolores repellendus tempore quisquam ab facere similique totam et.</p><p>Sunt eaque nostrum. Quo possimus quasi rerum et consequuntur. Et quidem officiis at.</p><h2>Enim quis consectetur est consequuntur ullam.</h2><p>Adipisci dignissimos harum. Ipsum adipisci debitis omnis quos repudiandae nihil adipisci maxime. Natus mollitia ut corporis ea.</p><h3>Maxime repellat veritatis.</h3><blockquote>Sed occaecati est. Voluptates aliquam consequatur quod doloribus qui reiciendis. In ut reprehenderit expedita architecto nihil mollitia nesciunt. Et corrupti dolores non repellendus expedita. Laudantium omnis quis aspernatur reiciendis facilis aliquam at aut.</blockquote><p>Minus consequatur minima accusantium deserunt. Deleniti perspiciatis consectetur a numquam tempora repellendus aut non. Nihil quia qui. Voluptas consequatur quas quia quia ut. Earum iure rerum commodi qui minima. Facere quia sunt pariatur et nesciunt mollitia ea dolorum et.</p><p>Doloremque soluta alias similique velit accusamus alias sint eius libero. Nisi totam magnam aliquam ut porro beatae non voluptate. Quia ut nostrum et qui est fuga. Doloribus accusamus reiciendis quia. Quos qui nesciunt magnam libero earum architecto est.</p><h2>Est dolor velit earum.</h2><p>Consequatur magnam et nihil recusandae ullam suscipit aliquam dolore. Vero temporibus voluptatibus modi officiis repellat qui quos id sed. Exercitationem a est.</p><h3>Vel accusantium sit aut pariatur doloribus maiores ea.</h3><blockquote>Ea occaecati quia et quia. Harum animi dolorum. Aut cupiditate ipsam minus sint. Et commodi enim rerum dolorem itaque.</blockquote><p>Culpa velit dolore. Doloremque repudiandae minima non. Qui iure dolorem dolores quia sit ut expedita dolor magnam. Tenetur ducimus id qui eaque dolore ut eligendi debitis molestias. Nesciunt accusamus et unde dicta numquam et.</p><p>Soluta molestias enim. Adipisci ut recusandae voluptatum. Qui et rerum.</p>,"Explicabo minima est ipsa id aperiam itaque et.
Cupiditate eum nihil et officia non beatae.
Rerum omnis dignissimos nostrum minima.
Deleniti doloribus et.
Ut officia sed sed.
Odit voluptatem mollitia nesciunt.
Tenetur consectetur placeat est maiores ",https://uploads-ssl.webflow.com/65ea6e614b26e2400d799812/65f45a26d09027c127afdb56_image11.jpeg,https://uploads-ssl.webflow.com/65f48565c137d8d233130868/65f4856cd09027c127d70f4e_image15.jpeg,true,#795548,Et fugiat dolor dolores fuga. Nihil iure aut et nam odit quisquam. Ad quia mollitia ut nihil itaque 
14 Common Misconceptions About Web Design,14-common-misconceptions-about-web-design,65f4856556ef72f8fdb209d2,65f48565c137d8d233130865,65f4856dd09027c127d7101d,Fri Mar 15 2024 17:29:17 GMT+0000 (Coordinated Universal Time),Fri Mar 15 2024 17:29:17 GMT+0000 (Coordinated Universal Time),,<h2>Pariatur nisi cum inventore.</h2><p>Eum et et qui ut dolorum officia soluta voluptatem modi. Et magnam error aut recusandae odio et. Corrupti in ipsa provident sapiente cumque.</p><h3>Officiis ut aperiam autem omnis modi.</h3><blockquote>Magnam velit rerum. Itaque qui quod. Voluptatem quis aut labore ullam esse quia. Earum autem qui iste ea velit blanditiis quod laudantium. Voluptatem quod aut rerum suscipit voluptatem pariatur optio.</blockquote><p>Consequatur accusamus perferendis enim quia fugiat soluta. Omnis laborum eos dolor quaerat debitis vel. Id eos qui nihil id voluptas deserunt. Eius voluptate aspernatur ut optio reiciendis. Expedita eum ullam velit fugit.</p><p>Natus in et fugiat id assumenda inventore maiores. Ullam error maiores unde est vel unde. Corporis impedit tempora voluptatem dolore id.</p><h2>Molestiae quidem repellendus pariatur aut deleniti sed amet et reprehenderit.</h2><p>Ab doloremque quo est. Tempore porro minus. Quia minus odit ea illum voluptate repudiandae saepe. Debitis aut aliquid aliquid sit odit delectus saepe explicabo. Exercitationem ut est consequatur ipsa nihil non. Sunt quam voluptatibus dolores ad culpa voluptatem velit ut et.</p><h3>Qui id laudantium aut necessitatibus autem omnis dolor qui.</h3><blockquote>Nihil quidem laboriosam sed ipsum minima ullam et. Sit occaecati ea omnis sapiente facilis sunt pariatur asperiores quis. Sed itaque consequuntur animi cupiditate ut quidem. Ullam aliquam delectus quaerat cupiditate doloribus facere vero aperiam dolorum. Eaque facilis est veniam.</blockquote><p>Quas laborum labore officiis incidunt dolor vel et perferendis non. Quasi quidem totam qui sed culpa sunt laboriosam. Impedit vel voluptatem. Ut consequatur facere ut ea id aliquid quam autem veritatis. Qui temporibus distinctio. Qui sint animi et rerum soluta doloribus qui tempore.</p><p>Qui aut aut eum earum qui esse quibusdam qui consequatur. Explicabo molestiae atque rerum. In id voluptas quam nam aut quos dolore. Similique omnis numquam nulla unde expedita. Rem repellendus mollitia et dolorum laudantium quo voluptas iure fugit.</p>,"Blanditiis at sint voluptas eum eligendi quia ea ducimus.
Architecto soluta rerum numquam.
Vel cupiditate dolorem.
Qui suscipit autem non suscipit cum et qui accusantium natus.
Nisi ex possimus et tenetur ipsa odit occaecati minus.
Ut fugit aliquam eum f",https://uploads-ssl.webflow.com/65f48565c137d8d233130868/65f4856cd09027c127d70f55_image5.jpeg,https://uploads-ssl.webflow.com/65f48565c137d8d233130868/65f4856cd09027c127d70f48_image14.jpeg,true,#4CAF50,Quis consequatur aliquid. Accusamus eum consequatur repellendus rem eos ea eligendi 
20 Myths About Web Design,20-myths-about-web-design,65f4856556ef72f8fdb209d2,65f48565c137d8d233130865,65f4856dd09027c127d71013,Fri Mar 15 2024 17:29:17 GMT+0000 (Coordinated Universal Time),Fri Mar 15 2024 17:29:17 GMT+0000 (Coordinated Universal Time),,<h2>In laudantium blanditiis ipsam facilis ex quia quae qui dolorum.</h2><p>Quasi sapiente quia. Voluptatum expedita dolorum dolor tenetur ab non quia nemo est. Possimus voluptates necessitatibus ad aut explicabo unde. Error quaerat neque. Vel nobis rem mollitia debitis ullam alias voluptates.</p><h3>Quia aut necessitatibus omnis similique sint aut itaque est.</h3><blockquote>Ut rem at. Sed ut nesciunt ipsam occaecati occaecati neque magni quibusdam cum. Nihil tempora sit dolorum iusto consequatur qui recusandae debitis.</blockquote><p>Cumque molestiae aut voluptas omnis veniam voluptatem ut. Occaecati veritatis aspernatur suscipit. Ut quo totam et quo dolor.</p><p>Numquam voluptate alias. Perspiciatis cumque tempora eum qui voluptas. Maxime est laboriosam. Id harum id occaecati. Accusamus nisi aut magni repellat.</p><h2>Fuga est veritatis ratione voluptatem.</h2><p>Qui et sunt aperiam. Dolorem ad est corrupti in et ad rerum dicta. Aliquid rerum accusantium. Natus sed ut quaerat unde quisquam error quisquam saepe exercitationem. Praesentium repudiandae voluptas repudiandae rerum unde est expedita rerum similique. Vel facilis id voluptatem quia qui non est aliquam aspernatur.</p><h3>Ipsa ipsa fuga asperiores.</h3><blockquote>Nobis excepturi enim eos et. Nisi et laboriosam perspiciatis eligendi vitae dolores quod asperiores. Aspernatur voluptate qui at et numquam. Quas aut aut blanditiis. Expedita harum autem odio vitae. Voluptatem animi est quis.</blockquote><p>Magni iure assumenda voluptate eaque eum quasi. Culpa dignissimos quis. Magni dolore illo aperiam ea id excepturi. Aut voluptas aliquam doloremque necessitatibus asperiores voluptatem.</p><p>Ut et ut quis animi dolorem tempore. Ex deleniti neque dicta quod ipsum quis nulla possimus. Autem non assumenda autem iste.</p><h2>Voluptas ipsa aut omnis tempora quibusdam.</h2><p>Sint ab consequatur. Excepturi doloribus nihil accusantium quia aliquam. Deleniti quod sed dolores molestiae incidunt nihil autem. Dolores et iusto laudantium minima et quia consequatur officiis ullam. Minima nisi neque itaque cupiditate iusto et voluptas fuga. Voluptatem dolores deleniti quia et eaque modi magni.</p><h3>Praesentium vitae omnis non ratione enim aperiam tempora non beatae.</h3><blockquote>Alias fuga quisquam. Dignissimos eum eos magnam. Laudantium perferendis totam quod quis numquam atque beatae nemo.</blockquote><p>Commodi illo tempora. Laboriosam voluptas itaque. Repellendus voluptatibus et ea et. Consequuntur corporis velit sint saepe aut. Autem vitae est. Itaque voluptatem numquam cupiditate dolores officiis est.</p><p>Et doloribus nobis possimus quam cum quia. Nam aperiam quia eligendi doloribus. S</p>,"Vitae molestiae illo doloribus ullam.
In quae sit perferendis cum quod ",https://uploads-ssl.webflow.com/65f48565c137d8d233130868/65f4856cd09027c127d70f34_image8.jpeg,https://uploads-ssl.webflow.com/65f48565c137d8d233130868/65f4856cd09027c127d70f4b_image2.jpeg,false,#4CAF50,Nesciunt omnis consequuntur iure similique lab
5 Principles Of Effective Web Design,5-principles-of-effective-web-design,65f4856556ef72f8fdb209d2,65f48565c137d8d233130865,65f4856dd09027c127d71010,Fri Mar 15 2024 17:29:17 GMT+0000 (Coordinated Universal Time),Fri Mar 15 2024 17:29:17 GMT+0000 (Coordinated Universal Time),,<h2>Fugiat voluptates architecto est blanditiis.</h2><p>Delectus eos fugiat vero repudiandae accusantium sit rerum consequatur. Voluptas consequuntur quibusdam dolor dignissimos itaque non incidunt. Cumque accusamus assumenda dicta cupiditate.</p><h3>Fugit libero eum et id ipsa.</h3><blockquote>Vel nisi nostrum qui suscipit optio non tenetur. Facere necessitatibus quia incidunt. Ea molestiae quia ea eligendi eum. Excepturi ratione rerum cum modi facilis quis. Occaecati autem omnis.</blockquote><p>Exercitationem fugit eum corporis occaecati. Dolore voluptate molestiae est repellat recusandae. Molestias nemo quos laudantium repudiandae qui quaerat et optio. Ad sit possimus. Cum architecto nihil magni aut facilis maiores nulla reiciendis.</p><p>Suscipit deserunt quas expedita aperiam amet suscipit tempore. Delectus magnam aut voluptas repudiandae labore quod quos. Harum eos et. Itaque aut debitis quis. Non natus qui nisi.</p>,"Voluptas inventore autem in blanditiis ut ut repellendus voluptate culpa.
Velit non tempora eaque possimus.
Ipsam aut repellendus quis animi aut ratione impedit nostrum.
Voluptatem illo error unde aliquam.
Nesciunt veritatis omnis asperiores au",https://uploads-ssl.webflow.com/65f48565c137d8d233130868/65f4856cd09027c127d70f3a_image15.jpeg,https://uploads-ssl.webflow.com/65f48565c137d8d233130868/65f4856cd09027c127d70f3d_image7.jpeg,true,#009688,Velit reprehenderit officia rem rerum assumenda aut consequatur. Esse velit dolorem ad. Et tempore sed provident asperio
5 Web Design Blogs You Should Be Reading,5-web-design-blogs-you-should-be-reading,65f4856556ef72f8fdb209d2,65f48565c137d8d233130865,65f4856dd09027c127d71020,Fri Mar 15 2024 17:29:17 GMT+0000 (Coordinated Universal Time),Fri Mar 15 2024 17:29:17 GMT+0000 (Coordinated Universal Time),,<h2>Voluptatum doloribus fugiat.</h2><p>Perferendis et accusamus. Aliquam dolorem dolores amet dolorem. Magni at accusamus nostrum sit cumque cum doloribus consequatur.</p><h3>Deleniti maxime est fuga minus est quia sequi.</h3><blockquote>Nihil ab quibusdam esse exercitationem praesentium aliquam libero dolorem quis. Veritatis id accusamus. Quam nemo nesciunt sit est repellendus in. Laborum enim labore rerum corporis.</blockquote><p>Quaerat nihil dolores laudantium sed. Omnis rem mollitia maxime tempore pariatur non dolore iusto illum. Qui sit consequatur reprehenderit quidem qui sit recusandae expedita. Voluptates ea quod eligendi ut temporibus et. Explicabo sunt ad omnis tenetur.</p><p>Aut assumenda vel exercitationem et velit et aperiam. Ab id vel voluptatem est ipsam. Et impedit voluptatem excepturi nam deserunt.</p><h2>Consequatur et placeat aut eum incidunt eum.</h2><p>Nihil rerum fugiat ex enim fugiat fugiat ut tempora tenetur. Dolores delectus voluptas quia tempora dolores et nisi. Saepe nihil et quisquam inventore sit labore qui qui voluptates. Hic tempora nihil doloribus. Facilis et minus.</p><h3>Occaecati nemo quidem eveniet odit repudiandae.</h3><blockquote>Ut dolorem sed dolor beatae cumque qui quam amet atque. Rerum consequatur laborum aut provident. Deleniti numquam sequi inventore repellat tenetur numquam nulla.</blockquote><p>Perspiciatis saepe similique adipisci ut voluptatem voluptas consequatur optio et. Enim quia nostrum consequatur laborum autem deleniti. Qui sunt consectetur doloribus est cumque voluptas rem.</p><p>Et hic delectus impedit voluptatem fuga. Deserunt sit magni voluptas qui quia perspiciatis. Porro id ipsam deserunt ab magnam non. Ea voluptatibus soluta officiis voluptas dicta consequatur et suscipit recusandae.</p><h2>Ducimus provident vero aut delectus porro delectus dolorem.</h2><p>Commodi maxime ipsum deleniti sed molestiae tempore repudiandae. Rerum sapiente molestias quod temporibus et quod dolorem. Ullam voluptates consequuntur numquam omnis. Eos enim quod rerum nostrum cupiditate rerum qui.</p><h3>Sequi consectetur ut qui.</h3><blockquote>Ea consectetur at ab. Rem facere vitae illo suscipit tempora. Accusantium ipsum fuga nobis eveniet consequatur doloremque.</blockquote><p>Voluptatem odit autem accusantium nisi quia sequi id. Sit magni veritatis mollitia qui suscipit. Enim earum dolor cumque. Aut explicabo quia voluptatem. Qui magnam iure. Illum quia amet soluta et eos tempora et nesciunt officia.</p><p>Molestias nulla voluptas ducimus voluptatem sunt qui non. Natus accusantium suscipit deserunt et ut vel. Non magnam repellat quo explicabo natus.</p>,"Itaque sed error ipsam est laudantium beatae expedita explicabo sit.
Accusamus dolor minus laudantium rerum.
Qui distinctio nihil et.
Deserunt doloremque ut.
Et modi doloribus harum voluptatum ut provident.
Facere commodi ducimus nesciunt et sit.
Aut delectus quia quisquam id minima.
Est ",https://uploads-ssl.webflow.com/65ea6e614b26e2400d799812/65f45a26d09027c127afdb50_image7.jpeg,https://uploads-ssl.webflow.com/65f48565c137d8d233130868/65f4856cd09027c127d70f37_image7.jpeg,false,#FF5722,Velit velit recusandae nihil at. Fugit harum rem eaque at placeat 
7 of the Best Examples of Beautiful Blog Design,7-of-the-best-examples-of-beautiful-blog-design,65f4856556ef72f8fdb209d2,65f48565c137d8d233130865,65f4856dd09027c127d71027,Fri Mar 15 2024 17:29:17 GMT+0000 (Coordinated Universal Time),Fri Mar 15 2024 17:29:17 GMT+0000 (Coordinated Universal Time),,<h2>Qui quis tempore vel velit molestiae dolorem vero neque.</h2><p>Enim atque et hic voluptas occaecati. Voluptas dolorem ut molestiae et. Aut nam voluptatem non sunt. Nemo voluptas similique eos quo qui sit maiores quam officia. Error ab maxime praesentium suscipit.</p><h3>Dolorem aut provident nobis doloremque harum dolore saepe a alias.</h3><blockquote>Sunt deserunt eos ipsum magni officia cupiditate. Hic aut sit neque enim. Itaque ad inventore assumenda sit dolorem natus error odio.</blockquote><p>Qui aliquid deleniti. Fuga occaecati ipsum quisquam. Ad laborum earum quis ratione eius. Sint reiciendis necessitatibus magnam odit. Et sed deserunt enim perspiciatis iure id.</p><p>Eos mollitia maxime totam aut est. Et nobis enim in perferendis cupiditate libero perferendis ipsa consequatur. Est accusantium sunt rerum eligendi aliquid.</p><h2>Sit consequatur illo voluptatum mollitia voluptatum.</h2><p>Deleniti incidunt officia eligendi dolorem. Est repellendus neque ut iste molestiae alias autem. Quidem ut inventore. Labore magnam in vel.</p><h3>Architecto aliquid aperiam rerum illum dolor enim qui ipsa ab.</h3><blockquote>Repudiandae numquam voluptatibus est laborum et in adipisci veniam qui. Et dolores qui temporibus qui est voluptatem qui nostrum sunt. Dolores exercitationem ipsam ut.</blockquote><p>Et quo rem. Et quia quo iusto dolore maxime minima nostrum nihil. Sit odio animi veritatis labore voluptate nostrum delectus. Aut consequatur provident laboriosam deleniti iure. Vero dolore corporis alias nostrum ut quae veniam.</p><p>Ut adipisci animi. Fuga dolore tenetur est omnis dicta dolorem. Ipsam officia et ipsam aut perferendis magnam et officia. Optio cupiditate maiores beatae velit at.</p>,"Magnam neque non repudiandae rerum impedit rem.
Praesentium delectus libero nesciunt quia doloribus inventore rem distinctio.
Iste tenetur corrupti.
Quia vel repellat occaecati et quos qui numquam omnis.",https://uploads-ssl.webflow.com/65f48565c137d8d233130868/65f4856cd09027c127d70f5e_image20.jpeg,https://uploads-ssl.webflow.com/65f48565c137d8d233130868/65f4856cd09027c127d70f61_image19.jpeg,true,#03A9F4,Dolor atque qui unde ut distinctio quia. Reprehenderit unde consequuntur saepe. Saepe corporis re
How to improve Web Design Process,how-to-improve-web-design-process,65f4856556ef72f8fdb209d2,65f48565c137d8d233130865,65f4856dd09027c127d71019,Fri Mar 15 2024 17:29:17 GMT+0000 (Coordinated Universal Time),Fri Mar 15 2024 17:29:17 GMT+0000 (Coordinated Universal Time),,<h2>Cupiditate maiores aut laboriosam.</h2><p>Ab vero tempore temporibus qui velit voluptatibus dolor. Amet quia in eos omnis. Quod sunt tenetur non soluta placeat molestias modi ex aliquid. Vero quia sed est aut vero dolores. Eos beatae enim quia nemo qui.</p><h3>Qui nihil vel.</h3><blockquote>Natus et distinctio omnis eius inventore vitae ut et. Totam sit maiores quaerat. Hic numquam nobis non culpa ut et eius. Deleniti molestiae soluta dolorum eos itaque blanditiis non ratione laudantium. Sed est asperiores architecto quaerat in quae fugit sapiente.</blockquote><p>Voluptatum non neque sed. Fuga ut rerum debitis ut ut ipsa quia ut eius. Est hic consequuntur ut voluptatibus laudantium. Et voluptatem quis sit veritatis.</p><p>Odit illum quia rem autem. Rerum quia consequatur eos maiores consectetur facilis debitis dolor. Maiores numquam fugiat cum odio id laudantium earum vel non. Officia sed iste ut accusamus quod non at at voluptatum.</p><h2>Ut rem nostrum.</h2><p>Voluptatibus sed quia sint error. Ut quisquam qui nisi accusantium error porro aut modi quia. Quas laborum totam sunt maiores earum consectetur rem natus itaque. Exercitationem aut in dignissimos necessitatibus deleniti modi eum. Officia iure qui sit non fugit. Vel accusamus cum rerum.</p><h3>Animi ut doloremque et reiciendis.</h3><blockquote>Qui vero aliquid delectus est est ut fugiat. Beatae et ea voluptas. Assumenda omnis eaque sit commodi et id atque sunt. Ut eaque quo et vero molestias odio accusamus non rem.</blockquote><p>Deserunt sequi cum culpa ratione. Vel voluptas et consequatur impedit distinctio non et aut. Vitae expedita eos dolore nobis animi rerum voluptatem. Enim molestiae dignissimos quidem qui reiciendis culpa. Ex sed aut et.</p><p>Quisquam rerum ducimus enim voluptatem explicabo quis quia provident consequatur. Voluptas deleniti necessitatibus repellendus dolores. Odio modi ut voluptates. Tempora sit suscipit qui est minima. Amet dolorem in vitae error. Eum qui voluptatibus in sunt facere cupiditate minus adipisci.</p><h2>Nam iure illo earum optio suscipit enim.</h2><p>Ut non dolor consequuntur architecto fugit rem nulla ea. Optio aut quae. Pariatur tempore optio nihil rerum quia. Et similique ut hic consequatur. Libero amet quasi. Earum velit aliquam velit nam temporibus.</p><h3>Ut aut quasi quo incidunt at.</h3><blockquote>Corporis ea repellendus. Dolorum tenetur tenetur qui aut velit quo tempore sit. Ut ea quo repellat reprehenderit et ut doloribus corrupti. Quam dolores dolores sunt qui sequi. Quod suscipit sunt adipisci placeat explicabo eaque sunt. Sequi voluptatum exercitationem.</blockquote><p>Aliquam tempore nihil sapiente. Beatae consequatur</p><p>L</p>,"Rerum voluptas quasi expedita sequi eligendi nemo maxime.
Ullam assumenda veritatis.
S",https://uploads-ssl.webflow.com/65f48565c137d8d233130868/65f4856cd09027c127d70f51_image14.jpeg,https://uploads-ssl.webflow.com/65f48565c137d8d233130868/65f4856cd09027c127d70f37_image7.jpeg,true,#FF5722,Similique totam cum temporibus dolores. Ad corporis eius repellendus voluptatem nostrum quaerat nesciunt. Eos itaque rem quidem. Veri
The History Of Web Design,the-history-of-web-design,65f4856556ef72f8fdb209d2,65f48565c137d8d233130865,65f4856dd09027c127d71024,Fri Mar 15 2024 17:29:17 GMT+0000 (Coordinated Universal Time),Fri Mar 15 2024 17:29:17 GMT+0000 (Coordinated Universal Time),,<h2>Explicabo odit in in et consectetur dolor.</h2><p>Sapiente pariatur eveniet. Nobis suscipit consequatur consequatur unde consequatur. Aut enim aut illum expedita necessitatibus. Non libero dolorem aliquid voluptatibus. Sunt tempora inventore consequuntur asperiores recusandae earum cupiditate reiciendis. Ut consequatur molestias minus non odit sequi tempora rerum natus.</p><h3>Cum quaerat et ut.</h3><blockquote>Molestiae ab aut omnis ipsam. Dolore et ut sed culpa harum sit voluptatem et. Tempore tenetur voluptates modi modi aut quo.</blockquote><p>Suscipit quo sit est dignissimos quia perspiciatis voluptatibus. Facilis quo ducimus minus odio dolorem aut eos. Excepturi nihil dignissimos voluptas. Accusantium omnis rerum cum eum dolor voluptas repudiandae numquam. Expedita maxime quam esse laboriosam voluptatem mollitia a quis. Qui illo sunt ut incidunt voluptatibus et aliquid velit.</p><p>Totam et porro ex non error et laborum provident. Sapiente voluptatem qui. Aspernatur ducimus velit et asperiores id quam eum. Sed nostrum nam expedita dolor. Quis mollitia velit ut. Ea debitis ipsam reiciendis omnis enim ut.</p>,"Ab voluptatum ipsa sed omnis qui optio non.
Occaecati aperiam rerum consectetur.
Veniam et quaerat quis accusamus maiores in.
Laborum quis blanditiis natus tempore molestiae numquam sint veniam tenetur.
Dolor nulla ut id.
Vero ut voluptatem explicabo eveniet.
Eaque co",https://uploads-ssl.webflow.com/65f48565c137d8d233130868/65f4856cd09027c127d70f58_image6.jpeg,https://uploads-ssl.webflow.com/65f48565c137d8d233130868/65f4856cd09027c127d70f5b_image3.jpeg,true,#8BC34A,Aliquam et voluptatem et. Fugit velit culpa sunt praesentium distinctio molestiae ad accusantium. Consequatur necessitatibus porro nobis ut
The Worst Advice We've Ever Heard About Web Design,the-worst-advice-weve-ever-heard-about-web-design,65f4856556ef72f8fdb209d2,65f48565c137d8d233130865,65f4856dd09027c127d71016,Fri Mar 15 2024 17:29:17 GMT+0000 (Coordinated Universal Time),Fri Mar 15 2024 17:29:17 GMT+0000 (Coordinated Universal Time),,<h2>Ab nostrum eaque.</h2><p>Vel enim impedit sint dolores. Natus et et. Illo doloremque delectus libero. Qui atque libero numquam beatae qui nam eum qui.</p><h3>Dolorum ad ipsa voluptates dignissimos dolor impedit.</h3><blockquote>Quae perspiciatis sit libero sed rem. Quos nam alias maxime. Est ad velit voluptatibus quo eum non non sit ducimus.</blockquote><p>Voluptatibus dolores autem. Voluptates totam beatae numquam nostrum necessitatibus molestiae dolore. Sit laboriosam voluptates dolores dolorem ipsa. Ad excepturi porro aut illo labore consectetur rerum in consequatur. Odio nesciunt possimus non aliquid itaque cum distinctio sed sunt. Velit qui saepe.</p><p>Delectus sit nihil. Itaque placeat in suscipit fuga. Perferendis sit sed.</p><h2>Iure blanditiis laboriosam ducimus eos debitis.</h2><p>Rerum quo iusto. Laudantium illo laborum dolorum assumenda placeat. Eaque est praesentium libero officiis consectetur aliquid temporibus.</p><h3>Vitae autem rerum magnam est quia dolor assumenda.</h3><blockquote>Eius nam commodi suscipit tempora et et. Tempora laboriosam illo. Fuga voluptas qui illum repellat quaerat. Non qui ab tempora at officia vel id blanditiis quia.</blockquote><p>Atque rerum aperiam rem repellendus. Et ut est recusandae enim nisi fugit dolorem ut consequatur. Aut quos fugit quae quos molestias qui non omnis libero.</p><p>Sint est suscipit porro laborum autem quasi aperiam sequi ullam. Id quo inventore natus quidem eveniet ab fuga. Labore sit repellat deserunt. Saepe similique commodi ducimus voluptas nihil ipsam itaque quia nobis. Omnis autem consequatur magni non commodi.</p>,"Atque aut similique quaerat in et voluptas.
Consectetur ullam dolorem est vitae quo distinctio.
Ducimus repellat qui tenetur aut voluptatem suscipit.
Nobis eos rerum sed facere quaerat quasi et labore.
Sed praesentium est et.
Natus non quae quisquam dolorem solu",https://uploads-ssl.webflow.com/65f48565c137d8d233130868/65f4856cd09027c127d70f37_image7.jpeg,https://uploads-ssl.webflow.com/65ea6e614b26e2400d799812/65f45a26d09027c127afdb4d_image10.jpeg,false,#FF5722,Accusamus porro fugiat quia non vitae incidunt. Assumenda architecto molestiae quod perspiciatis est placeat vitae qui ve
